road_a,road_b,count_a,count_b,count_ab,conf_a2b,conf_b2a,max_conf
ASHLEY AVE,PITT ST,48,4,4,0.08333333333333333,1.0,1.0
HARLESTON VILLAGE,SEPTIMA P CLARK PKWY,4,14,4,1.0,0.2857142857142857,1.0
WASHINGTON ST,HARLESTON VILLAGE,43,4,4,0.09302325581395349,1.0,1.0
CALHOUN ST,AIKEN ST,34,4,4,0.11764705882352941,1.0,1.0
FISHBURNE ST,BOGARD ST,25,5,5,0.2,1.0,1.0
SC30,VANDERHORST ST,3,8,3,1.0,0.375,1.0
ASHLEY AVE,HANOVER ST,48,4,4,0.08333333333333333,1.0,1.0
ASHLEY AVE,CANNON ST,48,5,4,0.08333333333333333,0.8,0.8
ASHLEY AVE,BOGARD ST,48,5,4,0.08333333333333333,0.8,0.8
CALHOUN ST,CANNON ST,34,5,4,0.11764705882352941,0.8,0.8
ASHLEY AVE,SHEPPARD ST,48,9,7,0.14583333333333334,0.7777777777777778,0.7777777777777778
FISHBURNE ST,AIKEN ST,25,4,3,0.12,0.75,0.75
RUTLEDGE AVE,LINE ST,18,4,3,0.16666666666666666,0.75,0.75
FISHBURNE ST,LINE ST,25,4,3,0.12,0.75,0.75
PRESIDENT ST,HARLESTON VILLAGE,21,4,3,0.14285714285714285,0.75,0.75
E BAY ST,LINE ST,7,4,3,0.42857142857142855,0.75,0.75
ASHLEY AVE,VANDERHORST ST,48,8,6,0.125,0.75,0.75
FISHBURNE ST,PITT ST,25,4,3,0.12,0.75,0.75
ASHLEY AVE,AIKEN ST,48,4,3,0.0625,0.75,0.75
E BAY ST,AIKEN ST,7,4,3,0.42857142857142855,0.75,0.75
COMING ST,CALHOUN ST,4,34,3,0.75,0.08823529411764706,0.75
PITT ST,PRESIDENT ST,4,21,3,0.75,0.14285714285714285,0.75
COMING ST,BENNETT ST,4,17,3,0.75,0.17647058823529413,0.75
ASHLEY AVE,LINE ST,48,4,3,0.0625,0.75,0.75
RUTLEDGE AVE,PITT ST,18,4,3,0.16666666666666666,0.75,0.75
CALHOUN ST,HARLESTON VILLAGE,34,4,3,0.08823529411764706,0.75,0.75
S MARKET ST,HARLESTON VILLAGE,39,4,3,0.07692307692307693,0.75,0.75
BEE ST,RUTLEDGE AVE,7,18,5,0.7142857142857143,0.2777777777777778,0.7142857142857143
S MARKET ST,N MARKET ST,39,14,10,0.2564102564102564,0.7142857142857143,0.7142857142857143
ASHLEY AVE,OGIER ST,48,13,9,0.1875,0.6923076923076923,0.6923076923076923
ASHLEY AVE,S MARKET,48,3,2,0.041666666666666664,0.6666666666666666,0.6666666666666666
WASHINGTON ST,CANNON PARK,43,6,4,0.09302325581395349,0.6666666666666666,0.6666666666666666
SC30,SPRING ST,3,9,2,0.6666666666666666,0.2222222222222222,0.6666666666666666
S MARKET ST,SC30,39,3,2,0.05128205128205128,0.6666666666666666,0.6666666666666666
WASHINGTON ST,CONCORD ST,43,6,4,0.09302325581395349,0.6666666666666666,0.6666666666666666
SC30,E BAY ST,3,7,2,0.6666666666666666,0.2857142857142857,0.6666666666666666
SC30,ASHLEY RIVER BRIDGE,3,4,2,0.6666666666666666,0.5,0.6666666666666666
RUTLEDGE AVE,SC30,18,3,2,0.1111111111111111,0.6666666666666666,0.6666666666666666
S MARKET,SHEPPARD ST,3,9,2,0.6666666666666666,0.2222222222222222,0.6666666666666666
HAGOOD AVE,CHERRY ST,50,13,8,0.16,0.6153846153846154,0.6153846153846154
ASHLEY AVE,RUTLEDGE AVE,48,18,11,0.22916666666666666,0.6111111111111112,0.6111111111111112
OGIER ST,DRAKE ST,13,5,3,0.23076923076923078,0.6,0.6
CANNON ST,SHEPPARD ST,5,9,3,0.6,0.3333333333333333,0.6
HAGOOD AVE,BOGARD ST,50,5,3,0.06,0.6,0.6
HAGOOD AVE,DRAKE ST,50,5,3,0.06,0.6,0.6
FISHBURNE ST,CANNON ST,25,5,3,0.12,0.6,0.6
BEE ST,CANNON ST,7,5,3,0.42857142857142855,0.6,0.6
HAGOOD AVE,CANNON ST,50,5,3,0.06,0.6,0.6
E BAY ST,VANDERHORST ST,7,8,4,0.5714285714285714,0.5,0.5714285714285714
FISHBURNE ST,E BAY ST,25,7,4,0.16,0.5714285714285714,0.5714285714285714
SMITH ST,BEE ST,13,7,4,0.3076923076923077,0.5714285714285714,0.5714285714285714
ASHLEY AVE,E BAY ST,48,7,4,0.08333333333333333,0.5714285714285714,0.5714285714285714
CALHOUN ST,E BAY ST,34,7,4,0.11764705882352941,0.5714285714285714,0.5714285714285714
ASHLEY AVE,BARRE ST,48,16,9,0.1875,0.5625,0.5625
S MARKET ST,OGIER ST,39,13,7,0.1794871794871795,0.5384615384615384,0.5384615384615384
HAGOOD AVE,OGIER ST,50,13,7,0.14,0.5384615384615384,0.5384615384615384
BEE ST,LINE ST,7,4,2,0.2857142857142857,0.5,0.5
PRESIDENT ST,AIKEN ST,21,4,2,0.09523809523809523,0.5,0.5
BARRE ST,HANOVER ST,16,4,2,0.125,0.5,0.5
FISHBURNE ST,VANDERHORST ST,25,8,4,0.16,0.5,0.5
PRESIDENT ST,ASHLEY RIVER BRIDGE,21,4,2,0.09523809523809523,0.5,0.5
PRESIDENT ST,LINE ST,21,4,2,0.09523809523809523,0.5,0.5
BEAUFAIN ST,HASELL ST,12,4,2,0.16666666666666666,0.5,0.5
RUTLEDGE AVE,AIKEN ST,18,4,2,0.1111111111111111,0.5,0.5
S MARKET ST,HANOVER ST,39,4,2,0.05128205128205128,0.5,0.5
WASHINGTON ST,N MARKET ST,43,14,7,0.16279069767441862,0.5,0.5
CALHOUN ST,CANNON PARK,34,6,3,0.08823529411764706,0.5,0.5
LOCKWOOD DR,LINE ST,12,4,2,0.16666666666666666,0.5,0.5
LOCKWOOD DR,AIKEN ST,12,4,2,0.16666666666666666,0.5,0.5
CALHOUN ST,ASHLEY RIVER BRIDGE,34,4,2,0.058823529411764705,0.5,0.5
PITT ST,ASHLEY RIVER BRIDGE,4,4,2,0.5,0.5,0.5
PITT ST,VANDERHORST ST,4,8,2,0.5,0.25,0.5
CALHOUN ST,HASELL ST,34,4,2,0.058823529411764705,0.5,0.5
WASHINGTON ST,HASELL ST,43,4,2,0.046511627906976744,0.5,0.5
S MARKET ST,HASELL ST,39,4,2,0.05128205128205128,0.5,0.5
BULL ST,LINE ST,11,4,2,0.18181818181818182,0.5,0.5
CALHOUN ST,CONCORD ST,34,6,3,0.08823529411764706,0.5,0.5
CALHOUN ST,LINE ST,34,4,2,0.058823529411764705,0.5,0.5
OGIER ST,VANDERHORST ST,13,8,4,0.3076923076923077,0.5,0.5
RUTLEDGE AVE,ASHLEY RIVER BRIDGE,18,4,2,0.1111111111111111,0.5,0.5
BULL ST,AIKEN ST,11,4,2,0.18181818181818182,0.5,0.5
ASHLEY AVE,ASHLEY RIVER BRIDGE,48,4,2,0.041666666666666664,0.5,0.5
COMING ST,SHEPPARD ST,4,9,2,0.5,0.2222222222222222,0.5
LINE ST,AIKEN ST,4,4,2,0.5,0.5,0.5
COMING ST,BEAUFAIN ST,4,12,2,0.5,0.16666666666666666,0.5
N MARKET ST,HASELL ST,14,4,2,0.14285714285714285,0.5,0.5
ASHLEY RIVER BRIDGE,AIKEN ST,4,4,2,0.5,0.5,0.5
ASHLEY RIVER BRIDGE,VANDERHORST ST,4,8,2,0.5,0.25,0.5
CANNON ST,LINE ST,5,4,2,0.4,0.5,0.5
HAGOOD AVE,COMING ST,50,4,2,0.04,0.5,0.5
CANNON PARK,SEPTIMA P CLARK PKWY,6,14,3,0.5,0.21428571428571427,0.5
HAGOOD AVE,HARLESTON VILLAGE,50,4,2,0.04,0.5,0.5
SHEPPARD ST,AIKEN ST,9,4,2,0.2222222222222222,0.5,0.5
SPRING ST,AIKEN ST,9,4,2,0.2222222222222222,0.5,0.5
SPRING ST,ASHLEY RIVER BRIDGE,9,4,2,0.2222222222222222,0.5,0.5
HARLESTON VILLAGE,N MARKET ST,4,14,2,0.5,0.14285714285714285,0.5
E BAY ST,ASHLEY RIVER BRIDGE,7,4,2,0.2857142857142857,0.5,0.5
HARLESTON VILLAGE,CANNON PARK,4,6,2,0.5,0.3333333333333333,0.5
E BAY ST,HASELL ST,7,4,2,0.2857142857142857,0.5,0.5
HAGOOD AVE,BARRE ST,50,16,8,0.16,0.5,0.5
OGIER ST,LINE ST,13,4,2,0.15384615384615385,0.5,0.5
SMITH ST,LINE ST,13,4,2,0.15384615384615385,0.5,0.5
HANOVER ST,AMERICA ST,4,16,2,0.5,0.125,0.5
AMERICA ST,CONCORD ST,16,6,3,0.1875,0.5,0.5
CANNON ST,AIKEN ST,5,4,2,0.4,0.5,0.5
VANDERHORST ST,AIKEN ST,8,4,2,0.25,0.5,0.5
HASELL ST,AIKEN ST,4,4,2,0.5,0.5,0.5
HASELL ST,VANDERHORST ST,4,8,2,0.5,0.25,0.5
COMING ST,S MARKET ST,4,39,2,0.5,0.05128205128205128,0.5
HAGOOD AVE,LINE ST,50,4,2,0.04,0.5,0.5
HAGOOD AVE,AIKEN ST,50,4,2,0.04,0.5,0.5
COMING ST,ASHLEY AVE,4,48,2,0.5,0.041666666666666664,0.5
ASHLEY AVE,GADSDEN ST,48,15,7,0.14583333333333334,0.4666666666666667,0.4666666666666667
S MARKET ST,CHERRY ST,39,13,6,0.15384615384615385,0.46153846153846156,0.46153846153846156
ASHLEY AVE,CHERRY ST,48,13,6,0.125,0.46153846153846156,0.46153846153846156
HAGOOD AVE,SHEPPARD ST,50,9,4,0.08,0.4444444444444444,0.4444444444444444
CALHOUN ST,SHEPPARD ST,34,9,4,0.11764705882352941,0.4444444444444444,0.4444444444444444
FISHBURNE ST,SHEPPARD ST,25,9,4,0.16,0.4444444444444444,0.4444444444444444
FISHBURNE ST,ASHLEY AVE,25,48,11,0.44,0.22916666666666666,0.44
SMITH ST,MORRIS ST,13,7,3,0.23076923076923078,0.42857142857142855,0.42857142857142855
FISHBURNE ST,BEE ST,25,7,3,0.12,0.42857142857142855,0.42857142857142855
E BAY ST,SPRING ST,7,9,3,0.42857142857142855,0.3333333333333333,0.42857142857142855
E BAY ST,AMERICA ST,7,16,3,0.42857142857142855,0.1875,0.42857142857142855
BEE ST,E BAY ST,7,7,3,0.42857142857142855,0.42857142857142855,0.42857142857142855
LOCKWOOD DR,E BAY ST,12,7,3,0.25,0.42857142857142855,0.42857142857142855
CALHOUN ST,BEE ST,34,7,3,0.08823529411764706,0.42857142857142855,0.42857142857142855
MORRIS ST,AMERICA ST,7,16,3,0.42857142857142855,0.1875,0.42857142857142855
MORRIS ST,VANDERHORST ST,7,8,3,0.42857142857142855,0.375,0.42857142857142855
HAGOOD AVE,BEE ST,50,7,3,0.06,0.42857142857142855,0.42857142857142855
BEE ST,PRESIDENT ST,7,21,3,0.42857142857142855,0.14285714285714285,0.42857142857142855
ASHLEY AVE,MORRIS ST,48,7,3,0.0625,0.42857142857142855,0.42857142857142855
S MARKET ST,E BAY ST,39,7,3,0.07692307692307693,0.42857142857142855,0.42857142857142855
SMITH ST,E BAY ST,13,7,3,0.23076923076923078,0.42857142857142855,0.42857142857142855
RUTLEDGE AVE,E BAY ST,18,7,3,0.16666666666666666,0.42857142857142855,0.42857142857142855
ASHLEY AVE,BEE ST,48,7,3,0.0625,0.42857142857142855,0.42857142857142855
HAGOOD AVE,N MARKET ST,50,14,6,0.12,0.42857142857142855,0.42857142857142855
HAGOOD AVE,WASHINGTON ST,50,43,18,0.36,0.4186046511627907,0.4186046511627907
ASHLEY AVE,BEAUFAIN ST,48,12,5,0.10416666666666667,0.4166666666666667,0.4166666666666667
LOCKWOOD DR,WASHINGTON ST,12,43,5,0.4166666666666667,0.11627906976744186,0.4166666666666667
S MARKET ST,LOCKWOOD DR,39,12,5,0.1282051282051282,0.4166666666666667,0.4166666666666667
ASHLEY AVE,BENNETT ST,48,17,7,0.14583333333333334,0.4117647058823529,0.4117647058823529
SHEPPARD ST,BOGARD ST,9,5,2,0.2222222222222222,0.4,0.4
BENNETT ST,CANNON ST,17,5,2,0.11764705882352941,0.4,0.4
AMERICA ST,DRAKE ST,16,5,2,0.125,0.4,0.4
ASHLEY AVE,DRAKE ST,48,5,2,0.041666666666666664,0.4,0.4
GADSDEN ST,CANNON ST,15,5,2,0.13333333333333333,0.4,0.4
SMITH ST,DRAKE ST,13,5,2,0.15384615384615385,0.4,0.4
S MARKET ST,DRAKE ST,39,5,2,0.05128205128205128,0.4,0.4
BARRE ST,BOGARD ST,16,5,2,0.125,0.4,0.4
OGIER ST,BOGARD ST,13,5,2,0.15384615384615385,0.4,0.4
WASHINGTON ST,BOGARD ST,43,5,2,0.046511627906976744,0.4,0.4
GADSDEN ST,BOGARD ST,15,5,2,0.13333333333333333,0.4,0.4
CANNON ST,E BAY ST,5,7,2,0.4,0.2857142857142857,0.4
CHERRY ST,DRAKE ST,13,5,2,0.15384615384615385,0.4,0.4
RUTLEDGE AVE,CANNON ST,18,5,2,0.1111111111111111,0.4,0.4
N MARKET ST,DRAKE ST,14,5,2,0.14285714285714285,0.4,0.4
PRESIDENT ST,CANNON ST,21,5,2,0.09523809523809523,0.4,0.4
CALHOUN ST,DRAKE ST,34,5,2,0.058823529411764705,0.4,0.4
SMITH ST,CANNON ST,13,5,2,0.15384615384615385,0.4,0.4
FISHBURNE ST,DRAKE ST,25,5,2,0.08,0.4,0.4
CALHOUN ST,BOGARD ST,34,5,2,0.058823529411764705,0.4,0.4
RUTLEDGE AVE,BOGARD ST,18,5,2,0.1111111111111111,0.4,0.4
PRESIDENT ST,DRAKE ST,21,5,2,0.09523809523809523,0.4,0.4
BULL ST,CANNON ST,11,5,2,0.18181818181818182,0.4,0.4
RUTLEDGE AVE,PRESIDENT ST,18,21,7,0.3888888888888889,0.3333333333333333,0.3888888888888889
WASHINGTON ST,CHERRY ST,43,13,5,0.11627906976744186,0.38461538461538464,0.38461538461538464
FISHBURNE ST,OGIER ST,25,13,5,0.2,0.38461538461538464,0.38461538461538464
S MARKET ST,PRESIDENT ST,39,21,8,0.20512820512820512,0.38095238095238093,0.38095238095238093
S MARKET ST,LOCKWOOD DR RAMP,39,8,3,0.07692307692307693,0.375,0.375
SPRING ST,VANDERHORST ST,9,8,3,0.3333333333333333,0.375,0.375
S MARKET ST,VANDERHORST ST,39,8,3,0.07692307692307693,0.375,0.375
SMITH ST,VANDERHORST ST,13,8,3,0.23076923076923078,0.375,0.375
HAGOOD AVE,LOCKWOOD DR RAMP,50,8,3,0.06,0.375,0.375
HAGOOD AVE,VANDERHORST ST,50,8,3,0.06,0.375,0.375
AMERICA ST,LOCKWOOD DR RAMP,16,8,3,0.1875,0.375,0.375
LOCKWOOD DR,LOCKWOOD DR RAMP,12,8,3,0.25,0.375,0.375
S MARKET ST,AMERICA ST,39,16,6,0.15384615384615385,0.375,0.375
AMERICA ST,VANDERHORST ST,16,8,3,0.1875,0.375,0.375
PRESIDENT ST,VANDERHORST ST,21,8,3,0.14285714285714285,0.375,0.375
RUTLEDGE AVE,VANDERHORST ST,18,8,3,0.16666666666666666,0.375,0.375
WASHINGTON ST,LOCKWOOD DR RAMP,43,8,3,0.06976744186046512,0.375,0.375
CALHOUN ST,VANDERHORST ST,34,8,3,0.08823529411764706,0.375,0.375
ASHLEY AVE,BULL ST,48,11,4,0.08333333333333333,0.36363636363636365,0.36363636363636365
FISHBURNE ST,BULL ST,25,11,4,0.16,0.36363636363636365,0.36363636363636365
RUTLEDGE AVE,BULL ST,18,11,4,0.2222222222222222,0.36363636363636365,0.36363636363636365
PRESIDENT ST,N MARKET ST,21,14,5,0.23809523809523808,0.35714285714285715,0.35714285714285715
WASHINGTON ST,SEPTIMA P CLARK PKWY,43,14,5,0.11627906976744186,0.35714285714285715,0.35714285714285715
CALHOUN ST,N MARKET ST,34,14,5,0.14705882352941177,0.35714285714285715,0.35714285714285715
HAGOOD AVE,BENNETT ST,50,17,6,0.12,0.35294117647058826,0.35294117647058826
S MARKET,CANNON ST,3,5,1,0.3333333333333333,0.2,0.3333333333333333
SMITH ST,S MARKET,13,3,1,0.07692307692307693,0.3333333333333333,0.3333333333333333
HAGOOD AVE,CANNON PARK,50,6,2,0.04,0.3333333333333333,0.3333333333333333
BEAUFAIN ST,HAGOOD,12,3,1,0.08333333333333333,0.3333333333333333,0.3333333333333333
CALHOUN ST,SUMTER ST,34,3,1,0.029411764705882353,0.3333333333333333,0.3333333333333333
SC30,AIKEN ST,3,4,1,0.3333333333333333,0.25,0.3333333333333333
S MARKET,AMERICA ST,3,16,1,0.3333333333333333,0.0625,0.3333333333333333
S MARKET,CHERRY ST,3,13,1,0.3333333333333333,0.07692307692307693,0.3333333333333333
S MARKET,N MARKET ST,3,14,1,0.3333333333333333,0.07142857142857142,0.3333333333333333
S MARKET,LOCKWOOD DR RAMP,3,8,1,0.3333333333333333,0.125,0.3333333333333333
S MARKET,BOGARD ST,3,5,1,0.3333333333333333,0.2,0.3333333333333333
HAGOOD AVE,HAGOOD,50,3,1,0.02,0.3333333333333333,0.3333333333333333
FISHBURNE ST,SC30,25,3,1,0.04,0.3333333333333333,0.3333333333333333
FISHBURNE ST,RUTLEDGE AVE,25,18,6,0.24,0.3333333333333333,0.3333333333333333
AMERICA ST,HAGOOD,16,3,1,0.0625,0.3333333333333333,0.3333333333333333
FISHBURNE ST,S MARKET,25,3,1,0.04,0.3333333333333333,0.3333333333333333
S MARKET ST,CANNON PARK,39,6,2,0.05128205128205128,0.3333333333333333,0.3333333333333333
S MARKET ST,CONCORD ST,39,6,2,0.05128205128205128,0.3333333333333333,0.3333333333333333
RUTLEDGE AVE,S MARKET,18,3,1,0.05555555555555555,0.3333333333333333,0.3333333333333333
BENNETT ST,SHEPPARD ST,17,9,3,0.17647058823529413,0.3333333333333333,0.3333333333333333
HAGOOD AVE,CONCORD ST,50,6,2,0.04,0.3333333333333333,0.3333333333333333
RUTLEDGE AVE,SUMTER ST,18,3,1,0.05555555555555555,0.3333333333333333,0.3333333333333333
RUTLEDGE AVE,WASHINGTON ST,18,43,6,0.3333333333333333,0.13953488372093023,0.3333333333333333
BENNETT ST,S MARKET,17,3,1,0.058823529411764705,0.3333333333333333,0.3333333333333333
SMITH ST,SC30,13,3,1,0.07692307692307693,0.3333333333333333,0.3333333333333333
BULL ST,SC30,11,3,1,0.09090909090909091,0.3333333333333333,0.3333333333333333
SC30,AMERICA ST,3,16,1,0.3333333333333333,0.0625,0.3333333333333333
PRESIDENT ST,SUMTER ST,21,3,1,0.047619047619047616,0.3333333333333333,0.3333333333333333
WASHINGTON ST,S MARKET,43,3,1,0.023255813953488372,0.3333333333333333,0.3333333333333333
VANDERHORST ST,HAGOOD,8,3,1,0.125,0.3333333333333333,0.3333333333333333
SC30,BEAUFAIN ST,3,12,1,0.3333333333333333,0.08333333333333333,0.3333333333333333
MORRIS ST,SC30,7,3,1,0.14285714285714285,0.3333333333333333,0.3333333333333333
HAGOOD AVE,LOCKWOOD DR,50,12,4,0.08,0.3333333333333333,0.3333333333333333
ASHLEY AVE,SUMTER ST,48,3,1,0.020833333333333332,0.3333333333333333,0.3333333333333333
MORRIS ST,HAGOOD,7,3,1,0.14285714285714285,0.3333333333333333,0.3333333333333333
WASHINGTON ST,SC30,43,3,1,0.023255813953488372,0.3333333333333333,0.3333333333333333
OGIER ST,HAGOOD,13,3,1,0.07692307692307693,0.3333333333333333,0.3333333333333333
CANNON PARK,CONCORD ST,6,6,2,0.3333333333333333,0.3333333333333333,0.3333333333333333
GADSDEN ST,SHEPPARD ST,15,9,3,0.2,0.3333333333333333,0.3333333333333333
ASHLEY AVE,CONCORD ST,48,6,2,0.041666666666666664,0.3333333333333333,0.3333333333333333
ASHLEY AVE,HAGOOD,48,3,1,0.020833333333333332,0.3333333333333333,0.3333333333333333
GADSDEN ST,S MARKET,15,3,1,0.06666666666666667,0.3333333333333333,0.3333333333333333
SMITH ST,HAGOOD,13,3,1,0.07692307692307693,0.3333333333333333,0.3333333333333333
BARRE ST,SHEPPARD ST,16,9,3,0.1875,0.3333333333333333,0.3333333333333333
HANOVER ST,HAGOOD,4,3,1,0.25,0.3333333333333333,0.3333333333333333
SC30,PRESIDENT ST,3,21,1,0.3333333333333333,0.047619047619047616,0.3333333333333333
PITT ST,SC30,4,3,1,0.25,0.3333333333333333,0.3333333333333333
BARRE ST,SUMTER ST,16,3,1,0.0625,0.3333333333333333,0.3333333333333333
E BAY ST,CONCORD ST,7,6,2,0.2857142857142857,0.3333333333333333,0.3333333333333333
SC30,HASELL ST,3,4,1,0.3333333333333333,0.25,0.3333333333333333
BEE ST,S MARKET,7,3,1,0.14285714285714285,0.3333333333333333,0.3333333333333333
ASHLEY AVE,SC30,48,3,1,0.020833333333333332,0.3333333333333333,0.3333333333333333
ASHLEY AVE,PRESIDENT ST,48,21,7,0.14583333333333334,0.3333333333333333,0.3333333333333333
HAGOOD AVE,PRESIDENT ST,50,21,7,0.14,0.3333333333333333,0.3333333333333333
CALHOUN ST,PRESIDENT ST,34,21,7,0.20588235294117646,0.3333333333333333,0.3333333333333333
CALHOUN ST,S MARKET,34,3,1,0.029411764705882353,0.3333333333333333,0.3333333333333333
CALHOUN ST,BEAUFAIN ST,34,12,4,0.11764705882352941,0.3333333333333333,0.3333333333333333
CALHOUN ST,SC30,34,3,1,0.029411764705882353,0.3333333333333333,0.3333333333333333
LOCKWOOD DR,SC30,12,3,1,0.08333333333333333,0.3333333333333333,0.3333333333333333
LOCKWOOD DR,S MARKET,12,3,1,0.08333333333333333,0.3333333333333333,0.3333333333333333
HAGOOD AVE,S MARKET,50,3,1,0.02,0.3333333333333333,0.3333333333333333
LOCKWOOD DR,SPRING ST,12,9,3,0.25,0.3333333333333333,0.3333333333333333
LOCKWOOD DR,AMERICA ST,12,16,4,0.3333333333333333,0.25,0.3333333333333333
SC30,CHERRY ST,3,13,1,0.3333333333333333,0.07692307692307693,0.3333333333333333
BARRE ST,HAGOOD,16,3,1,0.0625,0.3333333333333333,0.3333333333333333
BEE ST,SC30,7,3,1,0.14285714285714285,0.3333333333333333,0.3333333333333333
HAGOOD AVE,CALHOUN ST,50,34,11,0.22,0.3235294117647059,0.3235294117647059
HAGOOD AVE,FISHBURNE ST,50,25,8,0.16,0.32,0.32
HAGOOD AVE,AMERICA ST,50,16,5,0.1,0.3125,0.3125
CALHOUN ST,AMERICA ST,34,16,5,0.14705882352941177,0.3125,0.3125
BARRE ST,WASHINGTON ST,16,43,5,0.3125,0.11627906976744186,0.3125
CALHOUN ST,BARRE ST,34,16,5,0.14705882352941177,0.3125,0.3125
ASHLEY AVE,AMERICA ST,48,16,5,0.10416666666666667,0.3125,0.3125
WASHINGTON ST,AMERICA ST,43,16,5,0.11627906976744186,0.3125,0.3125
PRESIDENT ST,OGIER ST,21,13,4,0.19047619047619047,0.3076923076923077,0.3076923076923077
S MARKET ST,WASHINGTON ST,39,43,12,0.3076923076923077,0.27906976744186046,0.3076923076923077
OGIER ST,AMERICA ST,13,16,4,0.3076923076923077,0.25,0.3076923076923077
CHERRY ST,N MARKET ST,13,14,4,0.3076923076923077,0.2857142857142857,0.3076923076923077
WASHINGTON ST,OGIER ST,43,13,4,0.09302325581395349,0.3076923076923077,0.3076923076923077
BARRE ST,OGIER ST,16,13,4,0.25,0.3076923076923077,0.3076923076923077
SMITH ST,HAGOOD AVE,13,50,4,0.3076923076923077,0.08,0.3076923076923077
SMITH ST,ASHLEY AVE,13,48,4,0.3076923076923077,0.08333333333333333,0.3076923076923077
SMITH ST,S MARKET ST,13,39,4,0.3076923076923077,0.10256410256410256,0.3076923076923077
SMITH ST,RUTLEDGE AVE,13,18,4,0.3076923076923077,0.2222222222222222,0.3076923076923077
SMITH ST,WASHINGTON ST,13,43,4,0.3076923076923077,0.09302325581395349,0.3076923076923077
CALHOUN ST,CHERRY ST,34,13,4,0.11764705882352941,0.3076923076923077,0.3076923076923077
SMITH ST,PRESIDENT ST,13,21,4,0.3076923076923077,0.19047619047619047,0.3076923076923077
S MARKET ST,SEPTIMA P CLARK PKWY,39,14,4,0.10256410256410256,0.2857142857142857,0.2857142857142857
MORRIS ST,WASHINGTON ST,7,43,2,0.2857142857142857,0.046511627906976744,0.2857142857142857
BEE ST,LOCKWOOD DR,7,12,2,0.2857142857142857,0.16666666666666666,0.2857142857142857
RUTLEDGE AVE,MORRIS ST,18,7,2,0.1111111111111111,0.2857142857142857,0.2857142857142857
CALHOUN ST,SEPTIMA P CLARK PKWY,34,14,4,0.11764705882352941,0.2857142857142857,0.2857142857142857
LOCKWOOD DR,MORRIS ST,12,7,2,0.16666666666666666,0.2857142857142857,0.2857142857142857
CALHOUN ST,MORRIS ST,34,7,2,0.058823529411764705,0.2857142857142857,0.2857142857142857
MORRIS ST,BEAUFAIN ST,7,12,2,0.2857142857142857,0.16666666666666666,0.2857142857142857
BEE ST,BULL ST,7,11,2,0.2857142857142857,0.18181818181818182,0.2857142857142857
MORRIS ST,E BAY ST,7,7,2,0.2857142857142857,0.2857142857142857,0.2857142857142857
WASHINGTON ST,E BAY ST,43,7,2,0.046511627906976744,0.2857142857142857,0.2857142857142857
GADSDEN ST,BEE ST,15,7,2,0.13333333333333333,0.2857142857142857,0.2857142857142857
BULL ST,E BAY ST,11,7,2,0.18181818181818182,0.2857142857142857,0.2857142857142857
ASHLEY AVE,N MARKET ST,48,14,4,0.08333333333333333,0.2857142857142857,0.2857142857142857
HAGOOD AVE,MORRIS ST,50,7,2,0.04,0.2857142857142857,0.2857142857142857
HAGOOD AVE,E BAY ST,50,7,2,0.04,0.2857142857142857,0.2857142857142857
PRESIDENT ST,E BAY ST,21,7,2,0.09523809523809523,0.2857142857142857,0.2857142857142857
FISHBURNE ST,MORRIS ST,25,7,2,0.08,0.2857142857142857,0.2857142857142857
PRESIDENT ST,SEPTIMA P CLARK PKWY,21,14,4,0.19047619047619047,0.2857142857142857,0.2857142857142857
BEE ST,WASHINGTON ST,7,43,2,0.2857142857142857,0.046511627906976744,0.2857142857142857
MORRIS ST,OGIER ST,7,13,2,0.2857142857142857,0.15384615384615385,0.2857142857142857
S MARKET ST,MORRIS ST,39,7,2,0.05128205128205128,0.2857142857142857,0.2857142857142857
BARRE ST,N MARKET ST,16,14,4,0.25,0.2857142857142857,0.2857142857142857
BEE ST,SHEPPARD ST,7,9,2,0.2857142857142857,0.2222222222222222,0.2857142857142857
BEE ST,SPRING ST,7,9,2,0.2857142857142857,0.2222222222222222,0.2857142857142857
HAGOOD AVE,S MARKET ST,50,39,11,0.22,0.28205128205128205,0.28205128205128205
HAGOOD AVE,RUTLEDGE AVE,50,18,5,0.1,0.2777777777777778,0.2777777777777778
CALHOUN ST,RUTLEDGE AVE,34,18,5,0.14705882352941177,0.2777777777777778,0.2777777777777778
S MARKET ST,RUTLEDGE AVE,39,18,5,0.1282051282051282,0.2777777777777778,0.2777777777777778
GADSDEN ST,BULL ST,15,11,3,0.2,0.2727272727272727,0.2727272727272727
BARRE ST,BULL ST,16,11,3,0.1875,0.2727272727272727,0.2727272727272727
CALHOUN ST,BULL ST,34,11,3,0.08823529411764706,0.2727272727272727,0.2727272727272727
GADSDEN ST,CALHOUN ST,15,34,4,0.26666666666666666,0.11764705882352941,0.26666666666666666
GADSDEN ST,S MARKET ST,15,39,4,0.26666666666666666,0.10256410256410256,0.26666666666666666
HAGOOD AVE,GADSDEN ST,50,15,4,0.08,0.26666666666666666,0.26666666666666666
GADSDEN ST,PRESIDENT ST,15,21,4,0.26666666666666666,0.19047619047619047,0.26666666666666666
ASHLEY AVE,CALHOUN ST,48,34,9,0.1875,0.2647058823529412,0.2647058823529412
ASHLEY AVE,S MARKET ST,48,39,10,0.20833333333333334,0.2564102564102564,0.2564102564102564
ASHLEY AVE,HASELL ST,48,4,1,0.020833333333333332,0.25,0.25
CONCORD ST,LINE ST,6,4,1,0.16666666666666666,0.25,0.25
CHERRY ST,ASHLEY RIVER BRIDGE,13,4,1,0.07692307692307693,0.25,0.25
HANOVER ST,AIKEN ST,4,4,1,0.25,0.25,0.25
HANOVER ST,VANDERHORST ST,4,8,1,0.25,0.125,0.25
SMITH ST,AIKEN ST,13,4,1,0.07692307692307693,0.25,0.25
CONCORD ST,AIKEN ST,6,4,1,0.16666666666666666,0.25,0.25
BULL ST,HANOVER ST,11,4,1,0.09090909090909091,0.25,0.25
WASHINGTON ST,LINE ST,43,4,1,0.023255813953488372,0.25,0.25
BULL ST,ASHLEY RIVER BRIDGE,11,4,1,0.09090909090909091,0.25,0.25
WASHINGTON ST,AIKEN ST,43,4,1,0.023255813953488372,0.25,0.25
GADSDEN ST,LOCKWOOD DR,15,12,3,0.2,0.25,0.25
WASHINGTON ST,VANDERHORST ST,43,8,2,0.046511627906976744,0.25,0.25
CHERRY ST,AIKEN ST,13,4,1,0.07692307692307693,0.25,0.25
SMITH ST,HANOVER ST,13,4,1,0.07692307692307693,0.25,0.25
SPRING ST,LINE ST,9,4,1,0.1111111111111111,0.25,0.25
HAGOOD AVE,HASELL ST,50,4,1,0.02,0.25,0.25
MORRIS ST,HANOVER ST,7,4,1,0.14285714285714285,0.25,0.25
SPRING ST,HASELL ST,9,4,1,0.1111111111111111,0.25,0.25
HARLESTON VILLAGE,CONCORD ST,4,6,1,0.25,0.16666666666666666,0.25
MORRIS ST,HASELL ST,7,4,1,0.14285714285714285,0.25,0.25
MORRIS ST,LINE ST,7,4,1,0.14285714285714285,0.25,0.25
HANOVER ST,CONCORD ST,4,6,1,0.25,0.16666666666666666,0.25
GADSDEN ST,ASHLEY RIVER BRIDGE,15,4,1,0.06666666666666667,0.25,0.25
CHERRY ST,LINE ST,13,4,1,0.07692307692307693,0.25,0.25
CHERRY ST,VANDERHORST ST,13,8,2,0.15384615384615385,0.25,0.25
SMITH ST,HASELL ST,13,4,1,0.07692307692307693,0.25,0.25
CHERRY ST,HASELL ST,13,4,1,0.07692307692307693,0.25,0.25
CHERRY ST,LOCKWOOD DR RAMP,13,8,2,0.15384615384615385,0.25,0.25
GADSDEN ST,PITT ST,15,4,1,0.06666666666666667,0.25,0.25
VANDERHORST ST,LINE ST,8,4,1,0.125,0.25,0.25
S MARKET ST,BEAUFAIN ST,39,12,3,0.07692307692307693,0.25,0.25
HANOVER ST,CHERRY ST,4,13,1,0.25,0.07692307692307693,0.25
CANNON ST,ASHLEY RIVER BRIDGE,5,4,1,0.2,0.25,0.25
PRESIDENT ST,HASELL ST,21,4,1,0.047619047619047616,0.25,0.25
FISHBURNE ST,BARRE ST,25,16,4,0.16,0.25,0.25
SHEPPARD ST,HANOVER ST,9,4,1,0.1111111111111111,0.25,0.25
HAGOOD AVE,ASHLEY RIVER BRIDGE,50,4,1,0.02,0.25,0.25
COMING ST,DRAKE ST,4,5,1,0.25,0.2,0.25
OGIER ST,HANOVER ST,13,4,1,0.07692307692307693,0.25,0.25
COMING ST,HASELL ST,4,4,1,0.25,0.25,0.25
COMING ST,N MARKET ST,4,14,1,0.25,0.07142857142857142,0.25
PITT ST,LINE ST,4,4,1,0.25,0.25,0.25
OGIER ST,HASELL ST,13,4,1,0.07692307692307693,0.25,0.25
COMING ST,AMERICA ST,4,16,1,0.25,0.0625,0.25
CANNON ST,HANOVER ST,5,4,1,0.2,0.25,0.25
COMING ST,OGIER ST,4,13,1,0.25,0.07692307692307693,0.25
COMING ST,WASHINGTON ST,4,43,1,0.25,0.023255813953488372,0.25
COMING ST,MORRIS ST,4,7,1,0.25,0.14285714285714285,0.25
OGIER ST,AIKEN ST,13,4,1,0.07692307692307693,0.25,0.25
SHEPPARD ST,ASHLEY RIVER BRIDGE,9,4,1,0.1111111111111111,0.25,0.25
FISHBURNE ST,LOCKWOOD DR,25,12,3,0.12,0.25,0.25
SHEPPARD ST,HASELL ST,9,4,1,0.1111111111111111,0.25,0.25
BARRE ST,S MARKET ST,16,39,4,0.25,0.10256410256410256,0.25
FISHBURNE ST,HASELL ST,25,4,1,0.04,0.25,0.25
HAGOOD AVE,PITT ST,50,4,1,0.02,0.25,0.25
BEAUFAIN ST,HANOVER ST,12,4,1,0.08333333333333333,0.25,0.25
BEE ST,AIKEN ST,7,4,1,0.14285714285714285,0.25,0.25
HAGOOD AVE,BEAUFAIN ST,50,12,3,0.06,0.25,0.25
BEAUFAIN ST,ASHLEY RIVER BRIDGE,12,4,1,0.08333333333333333,0.25,0.25
E BAY ST,HANOVER ST,7,4,1,0.14285714285714285,0.25,0.25
BEAUFAIN ST,N MARKET ST,12,14,3,0.25,0.21428571428571427,0.25
HAGOOD AVE,HANOVER ST,50,4,1,0.02,0.25,0.25
BEAUFAIN ST,VANDERHORST ST,12,8,2,0.16666666666666666,0.25,0.25
FISHBURNE ST,LOCKWOOD DR RAMP,25,8,2,0.08,0.25,0.25
BEAUFAIN ST,AIKEN ST,12,4,1,0.08333333333333333,0.25,0.25
FISHBURNE ST,ASHLEY RIVER BRIDGE,25,4,1,0.04,0.25,0.25
SHEPPARD ST,LINE ST,9,4,1,0.1111111111111111,0.25,0.25
FISHBURNE ST,HANOVER ST,25,4,1,0.04,0.25,0.25
PITT ST,AIKEN ST,4,4,1,0.25,0.25,0.25
MORRIS ST,AIKEN ST,7,4,1,0.14285714285714285,0.25,0.25
BARRE ST,AIKEN ST,16,4,1,0.0625,0.25,0.25
LOCKWOOD DR,HASELL ST,12,4,1,0.08333333333333333,0.25,0.25
CALHOUN ST,LOCKWOOD DR,34,12,3,0.08823529411764706,0.25,0.25
LOCKWOOD DR,ASHLEY RIVER BRIDGE,12,4,1,0.08333333333333333,0.25,0.25
CALHOUN ST,PITT ST,34,4,1,0.029411764705882353,0.25,0.25
LOCKWOOD DR,CHERRY ST,12,13,3,0.25,0.23076923076923078,0.25
DRAKE ST,AIKEN ST,5,4,1,0.2,0.25,0.25
ASHLEY RIVER BRIDGE,LINE ST,4,4,1,0.25,0.25,0.25
DRAKE ST,LINE ST,5,4,1,0.2,0.25,0.25
BARRE ST,LINE ST,16,4,1,0.0625,0.25,0.25
LOCKWOOD DR,PITT ST,12,4,1,0.08333333333333333,0.25,0.25
CALHOUN ST,HANOVER ST,34,4,1,0.029411764705882353,0.25,0.25
BEE ST,ASHLEY RIVER BRIDGE,7,4,1,0.14285714285714285,0.25,0.25
AMERICA ST,HASELL ST,16,4,1,0.0625,0.25,0.25
PITT ST,BOGARD ST,4,5,1,0.25,0.2,0.25
RUTLEDGE AVE,HASELL ST,18,4,1,0.05555555555555555,0.25,0.25
AMERICA ST,LINE ST,16,4,1,0.0625,0.25,0.25
AMERICA ST,AIKEN ST,16,4,1,0.0625,0.25,0.25
S MARKET ST,PITT ST,39,4,1,0.02564102564102564,0.25,0.25
RUTLEDGE AVE,LOCKWOOD DR,18,12,3,0.16666666666666666,0.25,0.25
S MARKET ST,AIKEN ST,39,4,1,0.02564102564102564,0.25,0.25
S MARKET ST,LINE ST,39,4,1,0.02564102564102564,0.25,0.25
N MARKET ST,LINE ST,14,4,1,0.07142857142857142,0.25,0.25
N MARKET ST,AIKEN ST,14,4,1,0.07142857142857142,0.25,0.25
HASELL ST,DRAKE ST,4,5,1,0.25,0.2,0.25
BENNETT ST,HASELL ST,17,4,1,0.058823529411764705,0.25,0.25
S MARKET ST,ASHLEY RIVER BRIDGE,39,4,1,0.02564102564102564,0.25,0.25
HASELL ST,CONCORD ST,4,6,1,0.25,0.16666666666666666,0.25
BENNETT ST,LINE ST,17,4,1,0.058823529411764705,0.25,0.25
BEE ST,PITT ST,7,4,1,0.14285714285714285,0.25,0.25
HASELL ST,LINE ST,4,4,1,0.25,0.25,0.25
ASHLEY RIVER BRIDGE,HASELL ST,4,4,1,0.25,0.25,0.25
COMING ST,BARRE ST,4,16,1,0.25,0.0625,0.25
PITT ST,BEAUFAIN ST,4,12,1,0.25,0.08333333333333333,0.25
GADSDEN ST,LINE ST,15,4,1,0.06666666666666667,0.25,0.25
GADSDEN ST,AIKEN ST,15,4,1,0.06666666666666667,0.25,0.25
PITT ST,CANNON ST,4,5,1,0.25,0.2,0.25
PITT ST,CANNON PARK,4,6,1,0.25,0.16666666666666666,0.25
PITT ST,SPRING ST,4,9,1,0.25,0.1111111111111111,0.25
LOCKWOOD DR,VANDERHORST ST,12,8,2,0.16666666666666666,0.25,0.25
PITT ST,BULL ST,4,11,1,0.25,0.09090909090909091,0.25
PITT ST,CHERRY ST,4,13,1,0.25,0.07692307692307693,0.25
PITT ST,E BAY ST,4,7,1,0.25,0.14285714285714285,0.25
PITT ST,SHEPPARD ST,4,9,1,0.25,0.1111111111111111,0.25
PITT ST,OGIER ST,4,13,1,0.25,0.07692307692307693,0.25
FISHBURNE ST,WASHINGTON ST,25,43,6,0.24,0.13953488372093023,0.24
FISHBURNE ST,CALHOUN ST,25,34,6,0.24,0.17647058823529413,0.24
WASHINGTON ST,PRESIDENT ST,43,21,5,0.11627906976744186,0.23809523809523808,0.23809523809523808
CALHOUN ST,BENNETT ST,34,17,4,0.11764705882352941,0.23529411764705882,0.23529411764705882
BENNETT ST,S MARKET ST,17,39,4,0.23529411764705882,0.10256410256410256,0.23529411764705882
BENNETT ST,RUTLEDGE AVE,17,18,4,0.23529411764705882,0.2222222222222222,0.23529411764705882
CALHOUN ST,S MARKET ST,34,39,8,0.23529411764705882,0.20512820512820512,0.23529411764705882
SMITH ST,AMERICA ST,13,16,3,0.23076923076923078,0.1875,0.23076923076923078
FISHBURNE ST,CHERRY ST,25,13,3,0.12,0.23076923076923078,0.23076923076923078
RUTLEDGE AVE,CHERRY ST,18,13,3,0.16666666666666666,0.23076923076923078,0.23076923076923078
RUTLEDGE AVE,OGIER ST,18,13,3,0.16666666666666666,0.23076923076923078,0.23076923076923078
GADSDEN ST,OGIER ST,15,13,3,0.2,0.23076923076923078,0.23076923076923078
CHERRY ST,AMERICA ST,13,16,3,0.23076923076923078,0.1875,0.23076923076923078
SMITH ST,BENNETT ST,13,17,3,0.23076923076923078,0.17647058823529413,0.23076923076923078
BENNETT ST,OGIER ST,17,13,3,0.17647058823529413,0.23076923076923078,0.23076923076923078
SMITH ST,GADSDEN ST,13,15,3,0.23076923076923078,0.2,0.23076923076923078
PRESIDENT ST,CHERRY ST,21,13,3,0.14285714285714285,0.23076923076923078,0.23076923076923078
CALHOUN ST,OGIER ST,34,13,3,0.08823529411764706,0.23076923076923078,0.23076923076923078
SMITH ST,FISHBURNE ST,13,25,3,0.23076923076923078,0.12,0.23076923076923078
OGIER ST,CHERRY ST,13,13,3,0.23076923076923078,0.23076923076923078,0.23076923076923078
HAGOOD AVE,ASHLEY AVE,50,48,11,0.22,0.22916666666666666,0.22916666666666666
FISHBURNE ST,SPRING ST,25,9,2,0.08,0.2222222222222222,0.2222222222222222
BULL ST,SPRING ST,11,9,2,0.18181818181818182,0.2222222222222222,0.2222222222222222
HAGOOD AVE,SPRING ST,50,9,2,0.04,0.2222222222222222,0.2222222222222222
SPRING ST,AMERICA ST,9,16,2,0.2222222222222222,0.125,0.2222222222222222
SHEPPARD ST,N MARKET ST,9,14,2,0.2222222222222222,0.14285714285714285,0.2222222222222222
RUTLEDGE AVE,SHEPPARD ST,18,9,2,0.1111111111111111,0.2222222222222222,0.2222222222222222
RUTLEDGE AVE,SPRING ST,18,9,2,0.1111111111111111,0.2222222222222222,0.2222222222222222
PRESIDENT ST,SHEPPARD ST,21,9,2,0.09523809523809523,0.2222222222222222,0.2222222222222222
BEAUFAIN ST,SHEPPARD ST,12,9,2,0.16666666666666666,0.2222222222222222,0.2222222222222222
BULL ST,SHEPPARD ST,11,9,2,0.18181818181818182,0.2222222222222222,0.2222222222222222
S MARKET ST,SPRING ST,39,9,2,0.05128205128205128,0.2222222222222222,0.2222222222222222
ASHLEY AVE,SPRING ST,48,9,2,0.041666666666666664,0.2222222222222222,0.2222222222222222
CALHOUN ST,SPRING ST,34,9,2,0.058823529411764705,0.2222222222222222,0.2222222222222222
HAGOOD AVE,SEPTIMA P CLARK PKWY,50,14,3,0.06,0.21428571428571427,0.21428571428571427
CALHOUN ST,WASHINGTON ST,34,43,7,0.20588235294117646,0.16279069767441862,0.20588235294117646
BENNETT ST,DRAKE ST,17,5,1,0.058823529411764705,0.2,0.2
DRAKE ST,CONCORD ST,5,6,1,0.2,0.16666666666666666,0.2
CANNON ST,BOGARD ST,5,5,1,0.2,0.2,0.2
S MARKET ST,CANNON ST,39,5,1,0.02564102564102564,0.2,0.2
CANNON ST,SPRING ST,5,9,1,0.2,0.1111111111111111,0.2
BOGARD ST,DRAKE ST,5,5,1,0.2,0.2,0.2
BEE ST,BOGARD ST,7,5,1,0.14285714285714285,0.2,0.2
BARRE ST,DRAKE ST,16,5,1,0.0625,0.2,0.2
FISHBURNE ST,GADSDEN ST,25,15,3,0.12,0.2,0.2
BENNETT ST,BOGARD ST,17,5,1,0.058823529411764705,0.2,0.2
GADSDEN ST,DRAKE ST,15,5,1,0.06666666666666667,0.2,0.2
PRESIDENT ST,BOGARD ST,21,5,1,0.047619047619047616,0.2,0.2
S MARKET ST,BOGARD ST,39,5,1,0.02564102564102564,0.2,0.2
CANNON ST,N MARKET ST,5,14,1,0.2,0.07142857142857142,0.2
LOCKWOOD DR,DRAKE ST,12,5,1,0.08333333333333333,0.2,0.2
SHEPPARD ST,DRAKE ST,9,5,1,0.1111111111111111,0.2,0.2
MORRIS ST,DRAKE ST,7,5,1,0.14285714285714285,0.2,0.2
CANNON PARK,BOGARD ST,6,5,1,0.16666666666666666,0.2,0.2
GADSDEN ST,RUTLEDGE AVE,15,18,3,0.2,0.16666666666666666,0.2
WASHINGTON ST,DRAKE ST,43,5,1,0.023255813953488372,0.2,0.2
GADSDEN ST,BARRE ST,15,16,3,0.2,0.1875,0.2
CHERRY ST,BOGARD ST,13,5,1,0.07692307692307693,0.2,0.2
LOCKWOOD DR,CANNON ST,12,5,1,0.08333333333333333,0.2,0.2
AMERICA ST,BOGARD ST,16,5,1,0.0625,0.2,0.2
RUTLEDGE AVE,DRAKE ST,18,5,1,0.05555555555555555,0.2,0.2
SMITH ST,BOGARD ST,13,5,1,0.07692307692307693,0.2,0.2
DRAKE ST,VANDERHORST ST,5,8,1,0.2,0.125,0.2
BEAUFAIN ST,CANNON ST,12,5,1,0.08333333333333333,0.2,0.2
BARRE ST,CANNON ST,16,5,1,0.0625,0.2,0.2
N MARKET ST,BOGARD ST,14,5,1,0.07142857142857142,0.2,0.2
LOCKWOOD DR RAMP,BOGARD ST,8,5,1,0.125,0.2,0.2
BEAUFAIN ST,BOGARD ST,12,5,1,0.08333333333333333,0.2,0.2
E BAY ST,DRAKE ST,7,5,1,0.14285714285714285,0.2,0.2
FISHBURNE ST,PRESIDENT ST,25,21,4,0.16,0.19047619047619047,0.19047619047619047
FISHBURNE ST,AMERICA ST,25,16,3,0.12,0.1875,0.1875
BULL ST,PRESIDENT ST,11,21,2,0.18181818181818182,0.09523809523809523,0.18181818181818182
LOCKWOOD DR,BULL ST,12,11,2,0.16666666666666666,0.18181818181818182,0.18181818181818182
BULL ST,AMERICA ST,11,16,2,0.18181818181818182,0.125,0.18181818181818182
BENNETT ST,WASHINGTON ST,17,43,3,0.17647058823529413,0.06976744186046512,0.17647058823529413
SMITH ST,BEAUFAIN ST,13,12,2,0.15384615384615385,0.16666666666666666,0.16666666666666666
CONCORD ST,VANDERHORST ST,6,8,1,0.16666666666666666,0.125,0.16666666666666666
CANNON PARK,AMERICA ST,6,16,1,0.16666666666666666,0.0625,0.16666666666666666
CHERRY ST,CONCORD ST,13,6,1,0.07692307692307693,0.16666666666666666,0.16666666666666666
SEPTIMA P CLARK PKWY,CONCORD ST,14,6,1,0.07142857142857142,0.16666666666666666,0.16666666666666666
SMITH ST,LOCKWOOD DR,13,12,2,0.15384615384615385,0.16666666666666666,0.16666666666666666
N MARKET ST,CONCORD ST,14,6,1,0.07142857142857142,0.16666666666666666,0.16666666666666666
SMITH ST,CONCORD ST,13,6,1,0.07692307692307693,0.16666666666666666,0.16666666666666666
CANNON PARK,N MARKET ST,6,14,1,0.16666666666666666,0.07142857142857142,0.16666666666666666
ASHLEY AVE,CANNON PARK,48,6,1,0.020833333333333332,0.16666666666666666,0.16666666666666666
OGIER ST,CONCORD ST,13,6,1,0.07692307692307693,0.16666666666666666,0.16666666666666666
PRESIDENT ST,CANNON PARK,21,6,1,0.047619047619047616,0.16666666666666666,0.16666666666666666
MORRIS ST,CONCORD ST,7,6,1,0.14285714285714285,0.16666666666666666,0.16666666666666666
ASHLEY AVE,LOCKWOOD DR,48,12,2,0.041666666666666664,0.16666666666666666,0.16666666666666666
FISHBURNE ST,CONCORD ST,25,6,1,0.04,0.16666666666666666,0.16666666666666666
BEAUFAIN ST,PRESIDENT ST,12,21,2,0.16666666666666666,0.09523809523809523,0.16666666666666666
LOCKWOOD DR,CONCORD ST,12,6,1,0.08333333333333333,0.16666666666666666,0.16666666666666666
LOCKWOOD DR,N MARKET ST,12,14,2,0.16666666666666666,0.14285714285714285,0.16666666666666666
LOCKWOOD DR,PRESIDENT ST,12,21,2,0.16666666666666666,0.09523809523809523,0.16666666666666666
BEAUFAIN ST,CANNON PARK,12,6,1,0.08333333333333333,0.16666666666666666,0.16666666666666666
RUTLEDGE AVE,CANNON PARK,18,6,1,0.05555555555555555,0.16666666666666666,0.16666666666666666
FISHBURNE ST,CANNON PARK,25,6,1,0.04,0.16666666666666666,0.16666666666666666
RUTLEDGE AVE,BEAUFAIN ST,18,12,2,0.1111111111111111,0.16666666666666666,0.16666666666666666
RUTLEDGE AVE,CONCORD ST,18,6,1,0.05555555555555555,0.16666666666666666,0.16666666666666666
BENNETT ST,BEAUFAIN ST,17,12,2,0.11764705882352941,0.16666666666666666,0.16666666666666666
PRESIDENT ST,CONCORD ST,21,6,1,0.047619047619047616,0.16666666666666666,0.16666666666666666
BARRE ST,BEAUFAIN ST,16,12,2,0.125,0.16666666666666666,0.16666666666666666
WASHINGTON ST,BEAUFAIN ST,43,12,2,0.046511627906976744,0.16666666666666666,0.16666666666666666
BARRE ST,CHERRY ST,16,13,2,0.125,0.15384615384615385,0.15384615384615385
SMITH ST,BARRE ST,13,16,2,0.15384615384615385,0.125,0.15384615384615385
SMITH ST,N MARKET ST,13,14,2,0.15384615384615385,0.14285714285714285,0.15384615384615385
SMITH ST,CALHOUN ST,13,34,2,0.15384615384615385,0.058823529411764705,0.15384615384615385
SMITH ST,OGIER ST,13,13,2,0.15384615384615385,0.15384615384615385,0.15384615384615385
OGIER ST,N MARKET ST,13,14,2,0.15384615384615385,0.14285714285714285,0.15384615384615385
BEE ST,VANDERHORST ST,7,8,1,0.14285714285714285,0.125,0.14285714285714285
MORRIS ST,N MARKET ST,7,14,1,0.14285714285714285,0.07142857142857142,0.14285714285714285
MORRIS ST,CHERRY ST,7,13,1,0.14285714285714285,0.07692307692307693,0.14285714285714285
MORRIS ST,PRESIDENT ST,7,21,1,0.14285714285714285,0.047619047619047616,0.14285714285714285
MORRIS ST,BULL ST,7,11,1,0.14285714285714285,0.09090909090909091,0.14285714285714285
BENNETT ST,BEE ST,17,7,1,0.058823529411764705,0.14285714285714285,0.14285714285714285
GADSDEN ST,E BAY ST,15,7,1,0.06666666666666667,0.14285714285714285,0.14285714285714285
BEE ST,AMERICA ST,7,16,1,0.14285714285714285,0.0625,0.14285714285714285
SEPTIMA P CLARK PKWY,N MARKET ST,14,14,2,0.14285714285714285,0.14285714285714285,0.14285714285714285
BENNETT ST,N MARKET ST,17,14,2,0.11764705882352941,0.14285714285714285,0.14285714285714285
BEE ST,MORRIS ST,7,7,1,0.14285714285714285,0.14285714285714285,0.14285714285714285
BEE ST,S MARKET ST,7,39,1,0.14285714285714285,0.02564102564102564,0.14285714285714285
AMERICA ST,N MARKET ST,16,14,2,0.125,0.14285714285714285,0.14285714285714285
GADSDEN ST,N MARKET ST,15,14,2,0.13333333333333333,0.14285714285714285,0.14285714285714285
MORRIS ST,SPRING ST,7,9,1,0.14285714285714285,0.1111111111111111,0.14285714285714285
BARRE ST,MORRIS ST,16,7,1,0.0625,0.14285714285714285,0.14285714285714285
SHEPPARD ST,E BAY ST,9,7,1,0.1111111111111111,0.14285714285714285,0.14285714285714285
E BAY ST,N MARKET ST,7,14,1,0.14285714285714285,0.07142857142857142,0.14285714285714285
E BAY ST,CHERRY ST,7,13,1,0.14285714285714285,0.07692307692307693,0.14285714285714285
FISHBURNE ST,N MARKET ST,25,14,2,0.08,0.14285714285714285,0.14285714285714285
BEAUFAIN ST,E BAY ST,12,7,1,0.08333333333333333,0.14285714285714285,0.14285714285714285
OGIER ST,E BAY ST,13,7,1,0.07692307692307693,0.14285714285714285,0.14285714285714285
ASHLEY AVE,WASHINGTON ST,48,43,6,0.125,0.13953488372093023,0.13953488372093023
GADSDEN ST,BENNETT ST,15,17,2,0.13333333333333333,0.11764705882352941,0.13333333333333333
GADSDEN ST,WASHINGTON ST,15,43,2,0.13333333333333333,0.046511627906976744,0.13333333333333333
BARRE ST,LOCKWOOD DR RAMP,16,8,1,0.0625,0.125,0.125
BARRE ST,VANDERHORST ST,16,8,1,0.0625,0.125,0.125
BARRE ST,AMERICA ST,16,16,2,0.125,0.125,0.125
BENNETT ST,VANDERHORST ST,17,8,1,0.058823529411764705,0.125,0.125
LOCKWOOD DR RAMP,N MARKET ST,8,14,1,0.125,0.07142857142857142,0.125
BENNETT ST,BARRE ST,17,16,2,0.11764705882352941,0.125,0.125
BEAUFAIN ST,LOCKWOOD DR RAMP,12,8,1,0.08333333333333333,0.125,0.125
RUTLEDGE AVE,AMERICA ST,18,16,2,0.1111111111111111,0.125,0.125
OGIER ST,LOCKWOOD DR RAMP,13,8,1,0.07692307692307693,0.125,0.125
N MARKET ST,VANDERHORST ST,14,8,1,0.07142857142857142,0.125,0.125
CALHOUN ST,LOCKWOOD DR RAMP,34,8,1,0.029411764705882353,0.125,0.125
ASHLEY AVE,LOCKWOOD DR RAMP,48,8,1,0.020833333333333332,0.125,0.125
GADSDEN ST,LOCKWOOD DR RAMP,15,8,1,0.06666666666666667,0.125,0.125
BARRE ST,RUTLEDGE AVE,16,18,2,0.125,0.1111111111111111,0.125
BULL ST,VANDERHORST ST,11,8,1,0.09090909090909091,0.125,0.125
SPRING ST,LOCKWOOD DR RAMP,9,8,1,0.1111111111111111,0.125,0.125
FISHBURNE ST,S MARKET ST,25,39,3,0.12,0.07692307692307693,0.12
FISHBURNE ST,BENNETT ST,25,17,2,0.08,0.11764705882352941,0.11764705882352941
BENNETT ST,PRESIDENT ST,17,21,2,0.11764705882352941,0.09523809523809523,0.11764705882352941
SMITH ST,SPRING ST,13,9,1,0.07692307692307693,0.1111111111111111,0.1111111111111111
SHEPPARD ST,CHERRY ST,9,13,1,0.1111111111111111,0.07692307692307693,0.1111111111111111
BENNETT ST,SPRING ST,17,9,1,0.058823529411764705,0.1111111111111111,0.1111111111111111
S MARKET ST,SHEPPARD ST,39,9,1,0.02564102564102564,0.1111111111111111,0.1111111111111111
PRESIDENT ST,SPRING ST,21,9,1,0.047619047619047616,0.1111111111111111,0.1111111111111111
WASHINGTON ST,SPRING ST,43,9,1,0.023255813953488372,0.1111111111111111,0.1111111111111111
OGIER ST,SHEPPARD ST,13,9,1,0.07692307692307693,0.1111111111111111,0.1111111111111111
WASHINGTON ST,SHEPPARD ST,43,9,1,0.023255813953488372,0.1111111111111111,0.1111111111111111
GADSDEN ST,SPRING ST,15,9,1,0.06666666666666667,0.1111111111111111,0.1111111111111111
OGIER ST,SPRING ST,13,9,1,0.07692307692307693,0.1111111111111111,0.1111111111111111
LOCKWOOD DR,SHEPPARD ST,12,9,1,0.08333333333333333,0.1111111111111111,0.1111111111111111
BEAUFAIN ST,SPRING ST,12,9,1,0.08333333333333333,0.1111111111111111,0.1111111111111111
SMITH ST,SHEPPARD ST,13,9,1,0.07692307692307693,0.1111111111111111,0.1111111111111111
SHEPPARD ST,SPRING ST,9,9,1,0.1111111111111111,0.1111111111111111,0.1111111111111111
BULL ST,OGIER ST,11,13,1,0.09090909090909091,0.07692307692307693,0.09090909090909091
S MARKET ST,BULL ST,39,11,1,0.02564102564102564,0.09090909090909091,0.09090909090909091
SMITH ST,BULL ST,13,11,1,0.07692307692307693,0.09090909090909091,0.09090909090909091
BULL ST,BEAUFAIN ST,11,12,1,0.09090909090909091,0.08333333333333333,0.09090909090909091
WASHINGTON ST,BULL ST,43,11,1,0.023255813953488372,0.09090909090909091,0.09090909090909091
BENNETT ST,BULL ST,17,11,1,0.058823529411764705,0.09090909090909091,0.09090909090909091
HAGOOD AVE,BULL ST,50,11,1,0.02,0.09090909090909091,0.09090909090909091
GADSDEN ST,BEAUFAIN ST,15,12,1,0.06666666666666667,0.08333333333333333,0.08333333333333333
BEAUFAIN ST,OGIER ST,12,13,1,0.08333333333333333,0.07692307692307693,0.08333333333333333
FISHBURNE ST,BEAUFAIN ST,25,12,1,0.04,0.08333333333333333,0.08333333333333333
LOCKWOOD DR,BEAUFAIN ST,12,12,1,0.08333333333333333,0.08333333333333333,0.08333333333333333
BEAUFAIN ST,AMERICA ST,12,16,1,0.08333333333333333,0.0625,0.08333333333333333
LOCKWOOD DR,OGIER ST,12,13,1,0.08333333333333333,0.07692307692307693,0.08333333333333333
BENNETT ST,CHERRY ST,17,13,1,0.058823529411764705,0.07692307692307693,0.07692307692307693
SMITH ST,SEPTIMA P CLARK PKWY,13,14,1,0.07692307692307693,0.07142857142857142,0.07692307692307693
GADSDEN ST,CHERRY ST,15,13,1,0.06666666666666667,0.07692307692307693,0.07692307692307693
SMITH ST,CHERRY ST,13,13,1,0.07692307692307693,0.07692307692307693,0.07692307692307693
GADSDEN ST,SEPTIMA P CLARK PKWY,15,14,1,0.06666666666666667,0.07142857142857142,0.07142857142857142
RUTLEDGE AVE,N MARKET ST,18,14,1,0.05555555555555555,0.07142857142857142,0.07142857142857142
GADSDEN ST,AMERICA ST,15,16,1,0.06666666666666667,0.0625,0.06666666666666667
BENNETT ST,AMERICA ST,17,16,1,0.058823529411764705,0.0625,0.0625
BARRE ST,PRESIDENT ST,16,21,1,0.0625,0.047619047619047616,0.0625
PRESIDENT ST,AMERICA ST,21,16,1,0.047619047619047616,0.0625,0.0625
